,MSSubClass,LotArea,Neighborhood,BldgType,HouseStyle,OverallQual,OverallCond,YearBuilt,ExterCond,CentralAir,YrSold,price_bracket
0,0,227,21,0,2,6,4,106,4,1,0,1
1,0,625,12,0,2,6,4,71,2,1,1,1
2,0,575,5,0,2,7,4,109,4,1,3,2
3,0,357,12,0,2,4,6,58,2,1,3,1
4,14,135,17,1,0,4,3,55,4,1,3,0
5,7,116,17,0,3,5,5,16,4,1,3,1
6,11,41,0,4,2,6,4,106,4,1,3,1
7,5,857,8,0,5,5,4,96,4,1,0,1
8,9,624,14,0,6,6,5,75,4,1,4,1
9,4,268,9,0,0,5,6,24,1,1,2,0
10,0,253,20,0,2,4,4,66,4,1,0,1
11,0,881,21,0,2,7,4,107,4,1,1,2
12,6,862,6,0,5,4,4,18,4,1,0,1
13,7,1007,17,0,3,6,8,2,4,1,2,2
14,0,611,12,0,2,3,4,72,4,1,4,1
15,5,659,5,0,5,5,6,78,4,1,4,1
16,5,688,19,0,5,5,4,79,4,1,3,1
17,1,413,17,0,2,4,7,28,4,1,3,1
18,0,534,19,0,2,4,4,62,4,1,1,1
19,4,669,7,0,0,4,4,44,4,1,3,1
20,10,646,19,2,2,3,4,69,4,0,4,1
21,5,999,24,0,5,6,6,75,4,1,1,2
22,11,42,0,4,2,7,4,104,4,1,0,2
23,4,117,17,0,0,5,6,24,4,1,2,0
24,0,368,12,0,2,5,5,60,4,1,4,1
25,0,935,12,0,2,5,5,61,4,1,1,1
26,11,187,16,4,2,6,4,106,4,1,0,1
27,5,409,21,0,5,7,4,108,4,1,1,3
28,6,498,17,0,5,4,6,14,2,1,1,1
29,6,616,6,0,5,7,7,36,4,1,1,3
30,0,162,5,0,2,6,4,107,4,1,0,1
31,4,498,7,0,0,5,4,28,4,0,2,0
32,0,872,19,0,2,4,4,75,4,1,0,1
33,4,603,17,0,0,5,6,24,2,1,2,2
34,11,950,24,4,2,7,4,97,4,1,2,2
35,12,19,16,3,5,6,4,104,4,1,3,1
36,12,72,21,4,5,6,4,107,4,1,1,1
37,0,596,14,0,2,6,4,89,4,1,0,2
38,10,623,12,2,2,4,3,65,4,1,1,1
39,5,487,5,0,5,6,5,104,4,1,4,2
40,5,389,20,0,5,6,4,95,4,1,4,2
41,12,26,7,3,5,6,4,105,4,1,0,1
42,0,441,12,0,2,4,7,66,4,1,0,1
43,0,422,12,0,2,4,5,66,4,1,3,1
44,5,473,20,0,5,6,6,94,4,1,4,1
45,5,672,14,0,5,5,6,69,4,1,0,2
46,11,94,13,4,2,5,5,77,4,1,3,1
47,12,9,2,4,5,4,4,72,4,1,1,1
48,4,115,17,0,0,4,6,33,4,1,4,1
49,1,138,3,0,2,1,2,39,1,0,3,0
50,4,156,3,0,0,5,4,42,4,1,0,1
51,14,119,9,1,5,3,4,34,1,0,4,0
52,12,17,21,3,5,6,4,100,4,1,2,1
53,5,895,16,0,5,8,4,107,4,1,1,3
54,0,289,12,0,2,3,6,71,2,1,3,1
55,0,409,19,0,2,4,2,60,4,1,2,0
56,5,292,21,0,5,6,4,106,4,1,0,1
57,5,549,4,0,5,5,4,89,4,1,1,2
58,0,557,14,0,2,4,5,76,4,1,0,1
59,5,894,16,0,5,8,4,104,4,1,2,4
60,0,923,16,0,2,7,4,108,4,1,3,2
61,6,25,17,0,5,6,7,19,4,1,3,1
62,12,6,2,3,5,5,7,73,4,1,3,1
63,11,265,20,4,2,5,4,94,4,1,2,1
64,5,188,12,0,5,5,4,64,4,1,2,1
65,0,135,17,0,2,4,5,58,4,1,2,1
66,10,374,7,2,0,4,6,9,4,1,2,1
67,8,249,8,0,7,6,4,101,4,1,4,1
68,0,868,19,0,2,4,4,55,4,1,2,1
69,11,145,16,4,2,7,4,107,4,1,3,2
70,11,98,16,3,2,6,4,108,4,1,3,2
71,5,292,21,0,5,6,4,107,4,1,0,1
72,11,80,5,4,2,5,4,105,4,1,4,1
73,12,20,13,3,5,5,5,77,4,1,3,1
74,4,836,17,0,0,4,7,19,4,1,2,1
75,5,676,16,0,5,7,4,107,4,1,0,2
76,5,372,8,0,5,5,4,98,4,1,1,1
77,0,327,5,0,2,6,4,104,4,1,1,1
78,5,635,5,0,5,6,5,97,4,1,3,2
79,12,40,21,4,5,6,4,106,4,1,0,1
80,0,356,12,0,2,4,5,64,2,1,2,1
81,3,225,9,0,1,6,6,34,4,1,1,1
82,10,523,12,2,2,3,4,63,4,1,1,1
83,0,737,12,0,2,5,4,61,4,1,0,1
84,5,456,20,0,5,6,4,94,4,1,3,2
85,4,636,15,0,0,7,4,93,4,1,1,2
86,5,800,8,0,5,5,4,101,4,1,3,2
87,11,84,11,4,2,5,4,100,4,1,3,1
88,0,409,12,0,2,4,4,55,4,1,0,1
89,6,775,6,0,5,6,6,44,4,1,3,1
90,4,135,3,0,0,4,7,29,4,1,3,1
91,0,491,5,0,2,4,6,73,2,1,0,1
92,5,916,16,0,5,6,4,107,4,1,1,2
93,11,110,16,3,2,5,4,106,4,1,3,1
94,10,185,12,2,6,4,4,80,4,1,0,1
95,4,899,9,0,0,4,4,51,4,1,1,1
96,1,374,7,0,2,4,6,14,4,1,2,0
97,5,290,8,0,5,5,4,101,4,1,0,1
98,0,896,20,0,2,5,4,104,4,1,2,1
99,10,345,12,2,2,2,3,51,4,0,0,0
100,0,728,23,0,2,7,4,106,4,1,0,3
101,4,307,7,0,0,4,6,22,4,1,0,1
102,0,202,5,0,2,4,4,73,4,1,3,1
103,8,173,4,0,7,4,3,59,4,1,0,1
104,0,395,12,0,2,4,6,54,4,1,1,1
105,0,366,12,0,2,4,5,71,4,1,3,1
106,5,292,8,0,5,5,4,95,4,1,3,1
107,0,231,12,0,2,4,5,59,4,1,3,1
108,0,759,22,0,2,7,4,109,4,1,3,3
109,12,16,21,4,5,5,4,101,4,1,1,1
110,4,84,18,0,0,4,4,36,4,1,3,1
111,1,69,3,0,2,2,5,38,4,1,2,0
112,1,113,17,0,2,4,5,24,4,1,1,0
113,4,202,12,0,0,4,3,51,4,1,3,1
114,8,202,7,0,7,5,5,77,4,1,3,1
115,5,683,21,0,5,7,4,105,4,1,1,3
116,0,1057,4,0,2,3,5,55,4,1,2,2
117,0,1049,23,0,2,4,3,64,4,1,1,1
118,0,799,16,0,2,9,4,110,4,1,3,4
119,4,608,18,0,0,5,4,39,4,1,2,1
120,5,736,14,0,7,6,5,80,4,1,1,1
121,9,547,7,0,6,3,4,73,4,1,2,1
122,1,135,17,0,2,5,5,29,2,1,0,1
123,0,405,12,0,2,4,6,59,4,1,0,1
124,9,753,19,0,6,4,6,62,4,1,4,1
125,0,334,19,0,2,4,5,64,4,1,1,1
126,1,569,19,0,2,4,7,43,4,1,2,1
127,0,827,12,0,2,3,4,61,4,1,2,1
128,8,496,23,0,7,6,4,104,4,1,1,1
129,0,202,12,0,2,4,4,51,4,1,2,0
130,0,587,19,0,2,4,5,69,4,1,0,1
131,1,91,9,0,2,3,6,20,4,1,1,1
132,4,1006,4,0,0,4,5,47,4,1,1,2
133,5,836,23,0,5,7,4,106,4,1,1,2
134,0,216,12,0,2,4,5,60,4,1,1,1
135,0,503,20,0,2,5,4,85,4,1,4,1
136,5,301,5,0,5,6,4,106,4,1,2,1
137,5,678,11,0,5,4,3,70,4,1,2,1
138,0,296,7,0,2,4,6,56,4,1,0,1
139,6,660,6,0,5,6,8,30,4,1,3,2
140,10,860,12,2,2,4,4,66,4,1,2,1
141,1,737,6,0,2,3,4,26,4,1,0,1
142,6,498,17,0,5,6,6,29,4,1,0,1
143,0,516,5,0,2,4,6,73,4,1,0,1
144,5,227,21,0,5,6,4,101,4,1,4,2
145,0,957,23,0,2,7,5,77,4,1,2,2
146,0,785,11,0,2,6,4,105,4,1,3,2
147,1,135,17,0,2,3,3,24,4,1,1,1
148,5,803,23,0,5,7,4,104,4,1,2,3
149,0,848,23,0,2,8,4,108,4,1,3,3
150,6,140,3,0,5,5,7,24,4,1,2,1
151,0,276,5,0,2,4,5,76,4,1,2,1
152,12,27,21,3,5,6,4,106,4,1,0,1
153,5,418,5,0,5,7,4,100,4,1,2,2
154,9,786,12,0,6,6,8,62,4,1,2,1
155,0,1040,11,0,2,4,6,63,4,1,4,1
156,14,202,17,1,4,5,5,14,4,0,1,1
157,5,320,14,0,5,7,5,102,4,1,3,2
158,5,655,8,0,5,5,4,101,4,1,0,1
159,0,1045,12,0,2,5,4,61,4,1,4,2
160,3,115,17,0,1,3,5,57,4,1,1,1
161,1,138,3,0,2,4,6,29,4,0,0,0
162,0,560,12,0,2,4,4,59,4,1,1,1
163,0,337,12,0,2,4,2,62,4,1,0,0
164,1,126,17,0,2,4,7,41,4,1,3,0
165,0,825,5,0,2,4,4,97,2,1,3,1
166,4,912,6,0,0,7,8,38,2,1,2,3
167,4,151,19,0,0,4,7,1,2,0,4,0
168,7,651,17,0,4,6,6,18,4,0,0,1
169,14,191,18,1,5,4,7,20,4,1,0,1
170,10,320,20,2,2,4,4,78,4,1,1,1
171,0,202,5,0,2,4,6,73,4,1,2,1
172,0,162,5,0,2,6,4,107,4,1,4,2
173,4,181,17,0,0,5,5,28,2,1,0,1
174,0,724,12,0,2,4,5,55,4,1,0,1
175,8,430,12,0,7,5,4,63,4,1,2,1
176,0,1037,11,0,2,3,4,64,4,1,1,1
177,0,973,20,0,2,6,4,99,4,1,1,2
178,0,457,12,0,2,3,4,60,4,1,4,1
179,4,322,7,0,0,3,2,46,4,0,3,0
180,0,358,19,0,2,4,4,69,4,1,1,1
181,10,189,11,2,6,6,4,98,2,1,2,2
182,5,537,5,0,5,7,4,107,4,1,1,4
183,6,727,6,0,5,7,6,33,4,1,0,2
184,5,854,12,0,5,5,5,69,2,1,3,1
185,5,769,16,0,5,8,4,106,4,1,0,3
186,0,661,12,0,2,5,4,61,4,1,2,1
187,0,375,11,0,2,4,4,86,4,1,3,1
188,11,176,16,4,2,6,4,106,4,1,0,2
189,0,596,14,0,2,6,4,77,4,1,3,1
190,0,571,21,0,2,7,4,108,4,1,2,2
191,5,493,15,0,5,7,4,91,4,1,1,3
192,5,218,21,0,5,6,4,98,4,1,1,2
193,5,267,8,0,5,5,4,100,4,1,1,1
194,5,517,21,0,5,6,4,106,4,1,2,2
195,11,371,16,4,2,8,4,109,4,1,2,3
196,14,553,7,1,0,4,6,43,2,1,2,1
197,1,338,17,0,2,4,5,27,4,1,1,1
198,0,341,20,0,2,6,4,102,4,1,3,1
199,13,5,10,3,7,3,4,74,4,1,3,0
200,0,217,12,0,2,4,6,56,4,1,2,1
201,0,388,7,0,2,3,4,52,4,1,0,1
202,0,939,20,0,2,6,6,91,4,1,3,2
203,1,102,17,0,2,4,4,29,4,0,2,0
204,0,732,7,0,2,3,2,58,2,0,3,0
205,0,607,5,0,2,7,4,109,4,1,4,2
206,0,267,7,0,2,5,6,77,2,1,1,1
207,5,783,16,0,5,7,4,105,4,1,1,3
208,0,414,23,0,2,7,4,107,4,1,1,2
209,5,46,17,0,5,6,7,47,2,1,3,1
210,4,901,23,0,0,6,4,91,2,1,1,1
211,5,368,5,0,5,6,4,107,4,1,0,2
212,5,292,21,0,5,6,4,107,4,1,3,2
213,0,486,16,0,2,6,4,110,4,1,3,2
214,6,202,6,0,5,6,5,35,1,1,2,1
215,4,598,17,0,0,4,6,20,4,1,3,1
216,6,159,17,0,5,4,3,6,4,0,3,1
217,4,59,17,0,0,5,7,30,4,1,3,1
218,5,945,14,0,5,5,4,72,4,1,0,1
219,4,424,3,0,0,6,5,29,2,1,2,1
220,0,967,12,0,2,7,5,71,2,1,1,2
221,10,136,7,2,2,3,4,56,4,0,2,0
222,0,640,11,0,2,4,4,92,4,1,1,0
223,0,823,16,0,2,9,4,107,4,1,3,3
224,0,313,11,0,2,4,6,83,4,1,1,1
225,1,150,3,0,2,3,5,31,4,0,2,0
226,0,766,12,0,2,5,4,58,4,1,2,1
227,8,195,12,0,7,4,4,56,4,1,1,1
228,0,437,11,0,2,6,4,104,4,1,4,2
229,4,361,3,0,0,5,6,27,4,1,1,2
230,12,40,21,4,5,6,4,106,4,1,0,1
231,0,838,15,0,2,7,4,93,4,1,1,4
232,4,889,19,0,0,4,4,59,2,1,0,1
233,14,711,17,1,5,3,5,4,4,1,4,1
234,4,109,6,0,0,4,5,14,4,1,1,1
235,4,95,3,0,0,5,6,48,2,1,0,1
236,0,839,17,0,2,4,4,57,4,1,2,0
237,0,953,21,0,2,7,4,108,4,1,1,2
238,12,41,21,4,5,6,4,105,4,1,4,1
239,0,763,5,0,2,6,4,97,4,1,3,2
240,0,870,12,0,2,4,6,57,4,1,1,1
241,0,792,12,0,2,5,3,54,4,1,3,1
242,5,280,8,0,5,5,4,106,4,1,2,1
243,5,653,8,0,5,5,4,98,4,1,2,1
244,5,941,8,0,5,4,5,49,4,1,0,1
245,1,135,3,0,2,4,6,25,4,1,0,0
246,0,190,19,0,2,4,5,78,4,1,3,1
247,0,522,12,0,2,4,6,60,2,1,4,1
248,1,107,3,0,2,3,6,43,4,1,3,0
249,9,229,11,0,6,5,5,79,4,1,1,1
250,4,227,9,0,0,3,3,24,2,1,4,0
251,14,794,7,1,0,3,3,44,1,0,4,0
252,0,780,16,0,2,7,4,108,4,1,1,3
253,0,925,15,0,2,7,4,95,4,1,2,3
254,8,509,12,0,7,4,4,68,4,1,0,1
255,0,976,5,0,2,6,4,102,4,1,3,1
256,0,270,12,0,2,5,7,70,4,1,3,1
257,0,896,20,0,2,4,4,105,4,1,2,1
258,5,952,15,0,5,7,4,96,4,1,3,4
259,0,339,19,0,2,4,4,68,4,1,4,1
260,0,292,12,0,2,3,3,72,4,1,0,0
261,11,62,0,4,2,7,4,107,4,1,0,2
262,9,206,11,0,6,4,6,71,2,1,1,1
263,0,621,14,0,2,5,6,78,4,1,4,2
264,1,51,9,0,2,3,3,26,4,0,2,0
265,0,601,12,0,2,3,4,56,4,1,3,1
266,6,247,17,0,5,3,6,14,4,1,4,1
267,5,557,14,0,5,6,4,77,4,1,0,1
268,5,415,8,0,5,5,4,99,4,1,2,1
269,5,924,15,0,5,7,4,101,4,1,2,2
270,0,852,19,0,2,4,5,63,4,1,2,1
271,11,64,13,4,2,5,5,78,4,1,2,1
272,0,867,11,0,2,7,4,103,4,1,2,2
273,0,324,19,0,2,5,7,64,4,1,0,1
274,4,294,7,0,0,4,5,43,4,0,1,1
275,8,535,11,0,7,6,4,91,4,1,3,1
276,8,425,8,0,7,6,4,93,4,1,1,1
277,0,327,20,0,2,6,4,101,4,1,1,1
278,4,47,17,0,0,4,6,48,4,1,3,1
279,0,859,20,0,2,5,4,106,4,1,0,1
280,0,202,12,0,2,3,4,51,4,1,0,1
281,5,720,5,0,5,6,4,99,4,1,2,2
282,0,357,9,0,2,4,4,53,4,0,4,0
283,5,314,5,0,5,6,4,105,4,1,2,1
284,4,95,18,0,0,4,5,28,4,1,4,1
285,5,624,16,0,5,6,4,104,4,1,2,2
286,0,922,16,0,2,7,4,107,4,1,1,3
287,0,227,20,0,2,6,4,105,4,1,2,1
288,14,740,19,1,2,4,3,66,4,1,4,1
289,0,253,19,0,2,4,6,68,4,1,3,1
290,5,469,15,0,5,7,4,100,4,1,3,3
291,5,327,5,0,5,6,4,104,4,1,2,2
292,5,992,8,0,5,6,4,107,4,1,0,1
293,0,824,15,0,2,7,4,95,4,1,0,2
294,4,145,3,0,0,4,5,32,4,1,0,1
295,0,160,3,0,2,2,5,50,4,0,2,0
296,0,304,17,0,2,4,6,56,2,1,2,1
297,5,815,5,0,5,6,4,105,4,1,0,1
298,0,541,14,0,2,4,5,74,4,1,2,1
299,0,674,5,0,2,7,4,108,4,1,2,1
300,5,963,5,0,5,7,4,107,4,1,0,2
301,0,861,5,0,2,5,4,98,4,1,2,2
302,0,842,12,0,2,5,7,61,2,1,1,1
303,0,498,14,0,2,6,4,70,4,1,0,1
304,8,914,14,0,7,6,4,81,4,1,3,1
305,10,245,7,2,2,3,2,78,4,1,1,1
306,3,620,6,0,1,4,4,30,4,0,1,0
307,0,181,12,0,2,4,6,61,4,1,1,1
308,11,81,5,4,2,5,4,104,4,1,3,1
309,5,464,21,0,5,6,4,104,4,1,3,2
310,3,409,20,0,1,5,2,32,4,0,3,0
311,0,772,21,0,2,7,4,107,4,1,2,2
312,6,861,6,0,5,6,5,43,4,1,1,2
313,1,320,18,0,2,1,4,24,4,0,3,0
314,12,23,2,4,5,4,5,71,4,1,3,1
315,9,383,5,0,6,4,4,97,4,1,0,1
316,10,202,17,2,6,4,4,81,4,1,1,1
317,0,626,12,0,2,4,5,54,4,1,3,1
318,5,263,8,0,5,6,4,104,4,1,0,1
319,0,449,21,0,2,7,4,109,4,1,3,2
320,5,606,8,0,5,7,4,106,4,1,0,2
321,5,440,20,0,5,5,4,86,4,1,4,1
322,1,360,3,0,2,4,4,24,1,1,1,1
323,0,761,8,0,2,6,4,91,4,1,3,1
324,3,138,3,0,1,6,7,33,4,1,1,1
325,12,6,2,3,5,4,6,73,4,1,3,1
326,0,269,12,0,2,4,6,54,2,1,4,1
327,5,1009,14,0,5,5,4,77,4,1,0,1
328,4,961,4,0,0,6,3,54,4,1,0,2
329,0,159,11,0,2,4,8,83,2,1,2,1
330,0,994,7,0,2,3,5,57,4,1,3,1
331,5,696,20,0,5,5,4,93,4,1,4,1
332,8,808,11,0,7,5,4,77,4,1,4,1
333,0,422,5,0,2,6,4,101,4,1,0,2
334,8,342,8,0,7,6,4,96,4,1,3,1
335,5,861,20,0,5,6,4,92,4,1,1,2
336,4,202,9,0,0,4,5,41,4,1,0,1
337,5,932,15,0,5,7,6,94,2,1,0,3
338,11,279,20,4,2,5,4,81,4,1,4,1
339,13,52,7,4,7,5,4,106,4,1,2,1
340,0,541,12,0,2,5,5,63,4,1,4,1
341,5,438,15,0,5,7,4,99,4,1,2,3
342,4,334,12,0,0,4,4,48,4,1,2,1
343,5,204,5,0,5,6,4,104,4,1,2,1
344,11,67,12,4,2,5,4,99,4,1,2,1
345,8,781,14,0,7,5,6,85,4,1,1,1
346,0,159,12,0,2,4,4,63,4,0,3,1
347,12,26,7,3,5,6,4,105,4,1,0,1
348,0,639,4,0,2,4,4,56,4,1,3,1
349,10,332,9,2,2,4,4,64,4,0,4,1
350,6,793,6,0,5,7,5,37,4,1,1,3
351,0,691,19,0,2,4,4,66,4,1,2,1
352,5,970,15,0,5,7,4,92,4,1,0,2
353,5,260,8,0,5,5,4,103,4,1,4,2
354,0,220,17,0,2,5,6,58,4,1,4,1
355,0,545,11,0,2,4,4,75,4,1,0,1
356,0,438,5,0,2,4,5,76,4,1,2,1
357,4,858,3,0,0,5,6,27,4,1,2,2
358,0,379,5,0,2,6,4,107,4,1,3,2
359,0,308,19,0,2,4,4,69,4,1,2,1
360,6,340,18,0,5,4,5,15,4,0,2,1
361,5,650,14,0,5,4,4,70,4,1,1,1
362,5,665,15,0,5,6,4,95,4,1,2,2
363,11,128,22,4,2,7,4,85,4,1,3,1
364,0,929,6,0,2,5,6,58,4,1,1,2
365,5,1008,12,0,5,5,4,66,2,1,1,1
366,12,6,2,3,5,5,6,73,4,1,0,1
367,6,154,9,0,5,4,4,24,4,0,3,0
368,6,530,17,0,5,3,3,29,4,0,0,1
369,5,336,8,0,5,5,4,107,4,1,1,1
370,8,874,12,0,7,4,4,67,4,1,0,1
371,7,1039,12,0,5,7,3,22,2,1,0,2
372,0,202,12,0,2,4,7,51,4,1,1,1
373,0,741,21,0,2,6,4,108,4,1,2,1
374,0,684,16,0,2,7,4,107,4,1,3,2
375,5,643,8,0,5,6,4,100,4,1,3,2
376,0,201,5,0,2,4,6,73,4,1,2,1
377,5,871,15,0,5,6,4,93,4,1,0,2
378,0,397,23,0,2,7,4,108,4,1,3,2
379,0,715,14,0,2,5,4,77,4,1,2,1
380,0,509,12,0,2,5,5,59,4,1,1,1
381,0,113,17,0,2,4,6,55,2,1,0,1
382,11,101,21,4,2,8,4,100,4,1,2,3
383,1,809,7,0,2,3,4,43,4,1,3,0
384,0,840,16,0,2,7,4,109,4,1,3,2
385,4,95,17,0,0,4,3,9,4,0,0,0
386,13,1,10,4,6,3,3,71,4,1,3,0
387,0,542,12,0,2,5,5,65,4,1,3,1
388,0,320,20,0,2,3,3,51,1,1,3,0
389,5,875,16,0,5,7,4,105,4,1,0,3
390,0,614,12,0,2,4,4,60,4,1,4,1
391,0,483,23,0,2,7,4,108,4,1,2,2
392,4,610,12,0,0,5,5,50,4,1,1,1
393,5,198,20,0,5,5,4,93,2,1,0,1
394,4,242,6,0,0,4,5,25,4,1,3,1
395,0,409,9,0,2,1,2,50,4,0,0,0
396,11,41,0,4,2,6,4,106,4,1,3,1
397,0,756,5,0,2,7,4,102,4,1,3,2
398,5,955,8,0,5,6,4,105,4,1,2,1
399,0,1025,11,0,2,4,4,55,4,1,2,1
400,5,814,14,0,5,6,6,77,4,1,1,1
401,0,637,12,0,2,4,2,52,4,0,0,1
402,5,576,8,0,5,5,4,106,4,1,1,1
403,0,184,7,0,2,3,4,106,4,1,2,1
404,13,52,7,4,6,5,4,106,4,1,0,1
405,4,135,18,0,0,4,4,30,1,1,0,1
406,1,581,3,0,2,5,6,22,2,1,2,1
407,0,996,11,0,2,4,4,78,4,1,0,1
408,11,71,21,4,2,6,4,107,4,1,1,2
409,1,134,17,0,2,3,6,40,4,1,1,0
410,0,312,12,0,2,3,4,72,4,1,1,1
411,10,196,6,2,5,5,5,47,4,0,1,1
412,0,898,5,0,2,6,4,102,4,1,0,2
413,4,135,3,0,0,5,5,44,2,1,1,1
414,14,1046,11,1,2,3,3,62,2,1,1,1
415,0,335,5,0,2,6,4,105,4,1,3,1
416,12,16,21,3,5,5,4,101,4,1,1,1
417,9,435,20,0,6,4,6,84,4,1,1,1
418,0,588,12,0,2,4,4,68,4,1,1,1
419,0,131,12,0,2,4,6,57,4,1,4,1
420,0,778,16,0,2,7,4,108,4,1,1,3
421,5,446,12,0,5,5,5,63,4,1,2,1
422,12,29,10,4,5,4,2,77,4,1,4,0
423,11,44,21,4,2,7,4,106,4,1,0,1
424,10,183,20,2,5,4,4,80,4,1,3,1
425,0,945,16,0,2,9,4,108,4,1,2,3
426,0,509,5,0,2,6,4,101,4,1,3,2
427,5,797,4,0,5,5,7,67,4,1,1,1
428,1,264,9,0,2,3,4,24,4,0,3,0
429,1,651,17,0,2,3,6,4,4,1,1,1
430,12,100,21,4,5,6,4,105,4,1,1,1
431,12,6,2,3,5,4,4,72,4,1,3,1
432,0,198,20,0,2,5,4,92,4,1,2,1
433,0,564,12,0,2,5,4,65,4,1,2,1
434,4,501,18,0,0,5,6,23,4,1,4,1
435,0,427,5,0,2,5,4,104,4,1,0,2
436,5,261,8,0,5,5,4,103,4,1,0,1
437,5,1013,8,0,5,6,4,106,4,1,0,3
438,0,1020,6,0,2,5,4,54,2,1,1,2
439,4,364,7,0,0,5,3,46,4,1,4,1
440,4,651,17,0,0,4,7,39,4,1,0,1
441,5,675,5,0,5,8,4,101,4,1,3,3
442,4,322,7,0,0,4,7,9,4,1,2,1
443,10,1035,11,2,2,4,3,68,4,1,1,1
444,0,890,12,0,2,6,5,74,2,1,1,2
445,0,599,7,0,2,5,4,110,4,1,4,1
446,8,703,12,0,7,6,6,68,2,1,4,2
447,0,498,12,0,2,5,4,54,4,1,3,1
448,0,202,12,0,2,4,6,51,4,1,0,1
449,0,781,14,0,2,5,5,82,2,1,2,1
450,11,58,0,4,2,6,4,107,4,1,1,1
451,5,702,5,0,5,7,4,103,4,1,2,2
452,11,80,5,4,2,5,4,105,4,1,2,1
453,0,698,19,0,2,3,4,64,4,1,0,1
454,11,84,11,4,2,5,4,99,2,1,0,1
455,0,907,16,0,2,7,4,108,4,1,2,3
456,0,378,12,0,2,5,5,65,4,1,0,1
457,0,795,16,0,2,6,4,106,4,1,4,2
458,7,966,18,0,3,6,2,24,4,1,3,1
459,4,828,11,0,0,5,6,43,4,1,2,1
460,0,271,12,0,2,4,4,60,4,1,3,1
461,11,81,5,4,2,5,4,104,4,1,2,1
462,0,253,7,0,5,4,7,49,2,1,0,2
463,6,498,17,0,5,6,8,32,0,1,2,1
464,14,1063,23,1,0,4,5,66,4,1,2,2
465,14,593,12,1,7,5,4,59,1,1,0,1
466,0,379,5,0,2,6,4,106,4,1,1,2
467,7,880,17,0,4,9,8,7,0,1,2,3
468,0,465,5,0,2,6,4,100,4,1,2,1
469,0,409,12,0,2,5,4,57,4,1,2,1
470,6,409,17,0,5,4,5,2,4,1,0,1
471,4,732,6,0,0,6,6,39,4,1,0,2
472,5,812,20,0,5,6,4,91,4,1,4,3
473,0,630,5,0,2,6,4,107,4,1,1,2
474,12,105,22,4,5,6,6,88,2,1,0,2
475,12,26,7,3,5,5,4,105,4,1,0,1
476,0,633,12,0,2,4,5,62,4,1,0,1
477,5,497,16,0,5,7,4,105,4,1,1,3
478,6,103,17,0,5,7,4,0,2,0,2,1
479,0,594,5,0,2,7,4,105,4,1,1,3
480,5,1052,7,0,5,9,4,108,4,1,1,1
481,5,377,8,0,5,6,4,101,4,1,3,2
482,11,112,22,4,2,7,4,94,4,1,2,1
483,0,718,22,0,2,8,1,111,4,1,4,3
484,0,531,12,0,2,4,4,55,4,1,4,1
485,11,39,16,4,2,6,4,104,4,1,0,1
486,5,282,8,0,5,5,4,101,4,1,1,1
487,6,638,9,0,5,4,6,24,2,1,3,1
488,0,1042,12,0,2,6,6,61,4,1,2,2
489,0,181,5,0,2,4,7,79,2,1,3,1
490,4,529,18,0,0,5,6,43,4,1,3,1
491,0,988,16,0,2,8,4,105,4,1,0,3
492,6,603,17,0,5,4,7,10,4,1,2,1
493,5,366,5,0,5,6,4,97,4,1,3,1
494,0,990,23,0,2,4,5,60,2,1,1,1
495,0,498,14,0,2,6,5,74,4,1,1,1
496,0,587,5,0,2,6,4,100,4,1,3,2
497,11,111,22,4,2,7,4,96,4,1,4,2
498,9,363,19,0,6,4,5,83,4,1,3,1
499,6,773,6,0,5,5,6,37,4,1,2,1
500,4,498,12,0,0,5,7,51,2,1,3,1
501,4,89,3,0,0,3,6,47,4,1,0,1
502,11,50,0,4,2,6,4,108,4,1,3,1
503,5,227,8,0,5,6,4,100,4,1,4,1
504,11,84,11,3,2,5,4,99,4,1,0,1
505,4,145,3,0,0,5,5,37,4,1,0,1
506,0,365,5,0,2,6,4,103,4,1,1,1
507,10,401,12,2,2,4,4,68,4,1,3,1
508,1,1038,19,0,2,4,6,22,2,1,1,1
509,0,515,14,0,2,5,4,64,4,1,4,1
510,5,709,5,0,5,6,4,104,4,1,1,1
511,0,770,21,0,2,7,4,108,4,1,2,2
512,0,723,5,0,2,7,4,102,4,1,4,2
513,4,429,3,0,0,4,4,43,4,1,2,1
514,4,979,7,0,0,4,6,56,2,1,2,1
515,0,498,24,0,2,5,7,77,4,1,1,1
516,10,183,20,2,6,4,4,80,4,1,3,1
517,8,844,20,0,7,6,4,90,4,1,3,2
518,0,391,12,0,2,4,4,61,4,1,1,1
519,5,529,14,0,5,6,4,69,4,1,2,1
520,0,845,5,0,2,6,4,103,4,1,2,2
521,0,644,24,0,2,4,7,77,2,1,1,2
522,5,513,8,0,5,5,7,94,2,1,3,1
523,0,499,21,0,2,7,4,109,4,1,3,2
524,11,279,20,4,2,5,4,93,4,1,1,1
525,4,810,7,0,0,5,7,24,4,1,3,1
526,10,520,7,2,2,4,4,66,4,0,4,1
527,5,500,8,0,5,5,4,93,4,1,3,1
528,0,568,12,0,2,5,4,62,4,1,2,1
529,0,673,14,0,2,5,6,72,2,1,2,1
530,11,74,21,4,2,6,4,107,4,1,1,1
531,5,833,8,0,5,5,4,106,4,1,3,1
532,0,417,7,0,2,4,5,58,4,1,1,1
533,0,213,12,0,2,5,5,60,4,1,0,1
534,5,480,12,0,5,5,5,65,4,1,1,1
535,11,80,5,4,2,5,4,105,4,1,2,1
536,1,132,9,0,2,5,7,34,2,1,2,1
537,0,492,7,0,2,4,5,57,4,1,4,1
538,6,227,6,0,5,5,6,45,4,1,3,1
539,6,359,3,0,5,5,6,19,4,1,1,1
540,0,378,5,0,2,4,6,78,4,1,3,1
541,10,651,7,2,2,4,4,88,4,1,3,1
542,5,985,14,0,5,6,6,78,4,1,0,2
543,3,95,9,0,1,4,5,44,4,0,1,0
544,6,202,18,0,5,6,8,39,2,1,3,1
545,0,830,12,0,2,4,5,72,4,1,4,1
546,0,809,12,0,2,4,4,61,4,1,1,1
547,4,651,17,0,0,4,5,19,2,1,4,1
548,5,750,15,0,5,7,6,100,4,1,4,2
549,11,837,16,4,2,7,4,104,4,1,2,2
550,0,1000,12,0,2,5,4,61,4,1,3,1
551,12,20,21,3,5,6,4,100,4,1,2,1
552,11,165,16,4,2,6,4,106,4,1,0,2
553,0,353,21,0,2,6,4,108,4,1,2,2
554,6,234,6,0,5,6,5,24,4,1,0,2
555,4,145,3,0,0,4,6,34,4,1,2,1
556,6,747,17,0,5,6,6,2,4,0,3,2
557,1,147,18,0,2,5,4,34,4,0,2,0
558,5,1056,4,0,5,5,4,93,4,1,1,2
559,5,537,5,0,5,6,4,108,4,1,1,3
560,4,479,12,0,0,4,4,44,4,1,1,1
561,12,13,10,4,5,3,4,74,4,1,4,0
562,10,345,12,2,2,2,3,50,4,0,0,0
563,4,1062,4,0,0,5,6,59,4,1,1,2
564,0,841,12,0,2,3,4,73,4,1,2,1
565,10,466,11,2,5,5,4,72,4,1,4,1
566,6,420,7,0,5,3,4,43,4,1,3,1
567,5,851,14,0,5,5,5,73,4,1,3,1
568,12,12,2,3,5,5,4,74,4,1,0,0
569,1,307,7,0,2,2,2,18,4,0,2,0
570,4,484,7,0,0,5,3,55,4,1,0,1
571,11,53,0,4,2,6,4,108,4,1,3,1
572,11,200,20,4,2,5,4,85,4,1,4,1
573,10,183,20,2,2,4,4,80,1,1,3,1
574,0,510,12,0,2,4,4,72,4,1,1,1
575,5,403,14,0,5,7,8,77,2,1,2,2
576,7,1030,17,0,3,9,8,6,2,1,0,4
577,0,877,16,0,2,9,4,104,4,1,3,3
578,4,135,3,0,0,5,6,33,4,1,2,1
579,0,938,23,0,2,8,4,107,4,1,3,3
580,0,212,5,0,2,6,4,108,4,1,3,1
581,0,813,16,0,2,8,4,104,4,1,0,3
582,0,315,7,0,2,4,4,55,4,1,0,0
583,0,135,17,1,2,3,3,54,4,0,3,0
584,12,8,2,3,5,5,4,74,4,1,1,1
585,4,993,4,0,0,3,3,60,4,1,2,1
586,0,716,16,0,2,7,4,105,4,1,3,2
587,8,752,19,0,7,4,5,67,4,1,0,1
588,3,498,12,0,1,4,6,50,4,1,1,1
589,0,321,11,0,2,4,4,108,4,1,1,1
590,4,323,7,0,0,4,2,14,1,1,0,0
591,0,541,19,0,2,4,5,62,4,1,3,1
592,5,919,23,0,5,7,4,103,4,1,4,2
593,11,265,20,4,2,5,4,80,4,1,4,0
594,12,22,13,4,5,5,4,75,4,1,3,1
595,12,14,10,3,5,3,4,71,4,1,1,0
596,5,259,19,0,5,5,6,79,4,1,0,1
597,4,702,4,0,0,3,4,58,4,1,3,1
598,0,902,23,0,2,5,5,88,4,1,0,1
599,10,179,17,2,6,5,4,81,4,1,4,1
600,0,947,8,0,2,6,4,107,4,1,0,2
601,5,608,14,0,5,6,5,77,4,1,2,2
602,4,127,17,0,5,2,5,19,2,0,4,1
603,5,302,5,0,5,6,4,104,4,1,1,2
604,0,934,8,0,2,6,4,105,4,1,1,2
605,5,738,12,0,5,4,4,70,4,1,1,1
606,0,502,14,0,2,5,4,78,4,1,3,1
607,5,511,12,0,5,5,7,65,4,1,1,1
608,5,652,8,0,5,6,4,95,4,1,2,1
609,4,673,9,0,0,3,5,24,4,1,0,1
610,0,552,5,0,2,6,4,106,4,1,0,2
611,10,345,12,2,2,2,3,51,4,0,3,0
612,5,821,22,0,5,7,4,107,4,1,0,3
613,5,708,23,0,5,6,4,103,4,1,4,2
614,5,690,22,0,5,8,4,106,4,1,2,3
615,4,134,17,0,0,2,5,14,4,0,3,0
616,11,107,22,4,2,7,4,101,4,1,1,2
617,0,327,19,0,2,4,7,66,2,1,4,1
618,12,22,13,4,5,5,5,77,4,1,1,1
619,5,305,8,0,5,6,4,105,4,1,1,1
620,0,962,6,0,2,6,7,60,4,1,4,2
621,11,81,5,4,2,5,4,105,4,1,0,1
622,11,211,16,4,2,8,4,106,4,1,1,2
623,0,907,16,0,2,9,4,107,4,1,0,4
624,4,230,6,0,0,5,5,32,4,1,3,1
625,11,118,6,4,2,7,4,109,4,1,2,3
626,12,21,13,3,5,5,5,79,4,1,3,1
627,6,882,3,0,5,5,5,23,4,1,1,1
628,0,422,5,0,2,6,4,105,4,1,0,2
629,4,145,3,0,0,5,5,35,4,1,1,1
630,5,937,21,0,5,5,4,108,4,1,2,2
631,0,612,12,0,2,5,4,72,4,1,1,1
632,4,135,3,0,0,5,5,42,1,1,3,1
633,1,172,3,0,2,4,4,28,4,1,3,1
634,1,224,3,0,2,3,4,44,4,1,0,1
635,0,555,11,0,2,5,5,78,4,1,2,1
636,0,316,12,0,2,4,6,60,4,1,1,1
637,0,450,5,0,2,4,6,78,4,1,3,1
638,3,139,3,0,1,4,5,28,4,1,2,1
639,4,751,7,0,0,4,5,47,4,1,2,1
640,6,337,9,0,5,3,3,24,1,0,2,0
641,12,43,21,4,5,5,4,100,4,1,3,1
642,0,557,14,0,2,5,5,75,4,1,0,1
643,0,1047,6,0,2,5,2,58,4,1,1,2
644,1,145,9,0,0,3,4,29,4,1,3,1
645,12,11,1,3,5,5,5,81,2,1,2,1
646,14,651,17,1,0,4,3,9,1,0,0,1
647,0,773,12,0,2,5,5,58,4,1,1,1
648,1,288,17,0,2,4,5,49,4,1,1,1
649,1,873,6,0,2,4,6,25,2,1,3,1
650,1,338,17,0,2,5,7,32,2,1,4,1
651,4,790,17,0,0,4,4,55,4,0,2,1
652,14,622,17,1,5,2,4,9,4,1,3,0
653,0,431,14,0,2,5,6,69,4,1,3,1
654,12,49,21,4,5,6,4,108,4,1,2,1
655,0,702,24,0,2,5,5,78,4,1,0,1
656,8,1023,4,0,7,5,4,70,4,1,0,1
657,4,1026,7,0,0,5,6,22,4,1,2,1
658,5,804,15,0,5,7,4,95,4,1,4,3
659,5,593,14,0,5,6,5,74,4,1,3,2
660,4,417,7,0,0,5,4,42,4,1,3,1
661,0,978,6,0,2,5,4,70,2,1,0,2
662,0,262,21,0,2,5,4,110,4,1,3,2
663,5,651,21,0,5,7,4,108,4,1,2,3
664,8,971,24,0,7,4,6,79,4,1,1,1
665,1,133,3,0,2,3,6,27,4,1,0,0
666,2,422,3,0,2,4,5,34,4,1,2,0
667,10,612,11,2,6,5,4,78,4,1,0,1
668,12,6,2,3,5,5,4,72,4,1,0,0
669,0,749,14,0,2,5,5,78,4,1,4,1
670,8,412,12,0,7,5,6,67,4,1,2,1
671,5,730,14,0,5,5,5,76,4,1,0,1
672,6,651,17,0,5,6,7,5,2,1,1,1
673,5,624,21,0,5,6,4,106,4,1,2,2
674,5,249,8,0,5,6,4,104,4,1,1,1
675,11,384,16,4,2,8,4,106,4,1,2,2
676,4,1053,4,0,0,5,7,13,4,1,2,2
677,0,373,5,0,2,4,4,95,4,1,1,1
678,4,145,3,0,0,3,4,48,4,0,0,0
679,5,275,7,0,5,5,5,78,4,1,3,1
680,4,846,11,0,0,6,4,104,4,1,3,2
681,0,691,20,0,2,5,4,86,4,1,0,1
682,0,439,12,0,2,4,4,64,4,1,2,1
683,5,1017,14,0,5,6,5,87,2,1,2,2
684,0,712,19,0,2,4,5,58,4,1,4,1
685,11,58,0,4,2,6,4,107,4,1,1,1
686,5,244,12,0,5,5,4,67,4,1,4,1
687,9,210,7,0,6,6,4,104,4,1,3,1
688,5,464,5,0,5,7,4,103,4,1,1,2
689,5,416,8,0,5,7,4,105,4,1,0,1
690,0,227,19,0,2,4,4,64,4,1,4,1
691,0,498,19,0,2,3,6,51,4,1,4,1
692,5,509,5,0,5,6,5,99,4,1,0,2
693,6,489,6,0,5,6,4,19,4,1,0,1
694,0,422,5,0,2,6,4,102,4,1,3,1
695,8,498,24,0,7,5,6,77,2,1,1,1
696,1,73,7,0,2,2,5,35,4,1,1,0
697,8,538,8,0,7,6,4,101,4,1,1,1
698,0,370,5,0,2,6,4,106,4,1,0,1
699,5,754,15,0,5,6,4,97,4,1,1,3
700,0,869,7,0,2,8,4,108,4,1,3,3
701,0,497,16,0,2,7,4,105,4,1,3,2
702,0,822,16,0,2,7,4,109,4,1,2,3
703,0,498,12,0,2,4,6,51,4,1,3,1
704,0,611,12,0,2,3,5,72,4,1,3,0
705,5,911,8,0,5,6,4,107,4,1,0,2
706,10,146,6,2,5,4,5,50,4,0,1,1
707,5,367,8,0,5,6,4,100,4,1,3,2
708,1,369,9,0,2,3,5,39,4,0,0,1
709,0,1004,19,0,2,4,3,56,4,1,0,1
710,0,409,21,0,2,7,4,109,4,1,4,2
711,5,444,5,0,5,6,4,107,4,1,1,2
712,3,77,17,0,1,4,6,34,2,1,1,0
713,0,391,12,0,2,4,6,54,4,1,2,1
714,5,697,20,0,5,6,4,94,4,1,2,2
715,10,445,14,2,2,4,4,74,4,1,2,1
716,5,843,4,0,5,5,4,98,4,1,2,2
717,0,453,12,0,2,4,4,61,4,1,4,1
718,11,152,16,4,2,6,4,110,4,1,4,2
719,4,498,12,0,0,5,4,51,4,1,2,1
720,9,984,19,0,6,4,4,76,4,1,1,1
721,1,404,9,0,2,4,1,24,1,1,1,0
722,5,235,12,0,5,4,4,63,4,1,1,1
723,14,1048,8,1,2,4,4,56,4,0,0,1
724,4,114,9,0,0,3,7,26,2,1,4,1
725,3,205,12,0,1,5,5,55,4,1,2,1
726,11,157,16,4,2,7,4,107,4,1,1,2
727,0,963,14,0,2,4,5,78,4,1,2,1
728,9,258,12,0,6,4,4,68,4,1,0,1
729,0,944,5,0,2,7,4,102,4,1,0,2
730,5,855,14,0,5,6,6,81,4,1,3,2
731,5,743,5,0,5,6,4,105,4,1,0,1
732,0,865,14,0,2,5,5,79,4,1,4,2
733,12,28,21,3,5,6,4,100,4,1,4,1
734,11,93,22,4,2,7,4,102,4,1,2,2
735,8,498,12,0,7,5,5,56,4,1,2,1
736,11,70,10,4,2,4,6,77,4,1,1,1
737,0,818,23,0,2,5,4,87,4,1,2,1
738,0,1051,4,0,2,6,6,55,4,1,2,2
739,5,284,8,0,5,5,4,103,4,1,3,2
740,4,498,6,0,0,4,6,43,2,1,3,1
741,0,760,16,0,2,8,4,104,4,1,0,3
742,4,137,9,0,0,3,4,42,4,1,1,1
743,5,596,14,0,5,5,4,73,4,1,0,1
744,0,719,15,0,2,9,4,102,4,1,1,4
745,11,66,12,4,6,6,4,99,4,1,1,1
746,0,480,12,0,2,5,4,64,4,1,3,1
747,0,422,12,0,2,4,4,59,4,1,0,1
748,0,532,7,0,2,4,5,66,4,1,2,1
749,0,641,12,0,2,5,5,60,4,1,2,1
750,4,106,17,0,0,5,7,14,2,1,0,1
751,8,528,11,0,7,5,5,78,4,1,2,1
752,4,664,12,0,0,4,5,46,4,1,2,1
753,0,892,7,0,2,2,4,56,4,1,3,1
754,12,6,2,4,5,5,2,72,4,1,2,0
755,12,6,2,3,5,5,4,73,4,1,0,0
756,0,347,5,0,2,6,4,107,4,1,1,1
757,0,707,12,0,2,5,4,55,4,1,0,1
758,0,250,19,0,2,4,6,63,2,1,1,1
759,0,214,12,0,2,3,5,72,4,1,1,1
760,0,498,12,0,2,4,5,60,4,1,3,1
761,0,433,7,0,2,4,6,66,4,1,1,1
762,0,880,4,0,2,5,6,61,4,1,2,2
763,11,654,24,4,2,7,4,94,4,1,2,3
764,4,829,12,0,0,3,3,24,2,1,3,1
765,0,682,24,0,2,5,5,85,4,1,2,1
766,0,320,12,0,2,5,8,63,2,1,2,1
767,8,255,7,0,7,5,4,77,4,1,4,1
768,8,609,12,0,7,5,7,59,2,1,1,1
769,0,170,19,0,2,4,7,63,2,1,4,1
770,12,0,1,4,5,5,5,81,4,1,3,1
771,5,757,20,0,5,6,4,91,4,1,2,2
772,1,651,17,0,2,3,5,31,4,1,1,0
773,0,422,12,0,2,5,5,60,4,1,3,1
774,0,948,8,0,2,8,4,107,4,1,3,3
775,0,853,6,0,2,4,5,78,4,1,0,2
776,0,859,20,0,2,5,4,105,4,1,0,1
777,0,41,0,0,2,6,4,108,4,1,2,1
778,4,603,17,0,5,4,5,14,4,1,3,1
779,5,755,8,0,5,6,4,105,4,1,1,2
780,6,85,17,0,5,4,4,20,4,0,2,0
781,4,350,9,0,0,5,5,40,4,1,0,1
782,0,831,14,0,2,5,6,82,2,1,1,1
783,4,182,3,0,0,4,3,51,4,1,3,1
784,8,249,8,0,7,7,4,103,4,1,3,1
785,5,409,21,0,5,7,4,109,4,1,3,2
786,4,320,18,0,0,5,4,43,4,1,0,1
787,6,169,9,0,5,5,6,18,4,1,1,1
788,5,671,21,0,5,9,4,109,4,1,3,3
789,0,175,11,0,2,4,4,85,4,1,2,1
790,5,396,5,0,5,6,4,99,4,1,2,1
791,1,202,17,0,2,4,3,14,4,0,3,0
792,4,651,12,0,0,3,3,50,4,0,0,1
793,6,477,12,0,5,4,6,45,4,1,1,1
794,5,779,14,0,5,5,5,77,4,1,1,1
795,5,960,8,0,5,5,4,107,4,1,0,1
796,10,758,7,2,6,5,4,91,2,1,1,1
797,10,732,14,2,2,4,5,77,4,1,1,1
798,4,470,17,0,0,4,4,34,4,1,1,0
799,0,432,21,0,2,7,4,108,4,1,1,2
800,5,221,8,0,5,5,4,105,4,1,2,1
801,0,574,7,0,2,3,4,55,4,1,1,1
802,5,692,8,0,5,5,4,98,4,1,0,1
803,0,791,12,0,2,5,2,71,4,1,1,1
804,12,35,21,4,5,5,4,110,4,1,3,1
805,0,969,16,0,2,8,4,105,4,1,0,3
806,4,725,17,0,0,6,4,104,4,1,2,2
807,10,422,19,2,2,4,4,64,4,1,0,1
808,10,246,12,2,7,4,5,63,4,1,0,1
809,5,949,16,0,5,8,4,109,4,1,2,4
810,9,570,12,0,6,4,4,63,4,1,0,1
811,5,382,16,0,5,8,4,105,4,1,3,3
812,5,559,20,0,5,6,4,105,4,1,4,2
813,5,573,15,0,5,6,4,97,4,1,3,2
814,7,148,17,0,4,5,5,18,4,1,2,1
815,0,380,19,0,2,4,5,64,4,1,3,1
816,0,253,12,0,2,4,5,55,4,1,4,1
817,0,926,23,0,2,7,4,103,4,1,0,3
818,1,75,6,0,2,4,5,17,4,0,1,0
819,14,651,17,1,0,5,6,11,4,0,2,1
820,0,972,22,0,2,6,4,106,4,1,3,2
821,0,699,12,0,2,5,6,71,4,1,4,1
822,5,482,8,0,5,6,4,102,4,1,4,2
823,13,4,10,3,6,4,6,71,4,1,0,0
824,4,239,6,0,0,6,7,22,4,1,1,1
825,11,90,6,4,2,7,4,107,4,1,1,2
826,5,1044,15,0,5,6,5,95,4,1,3,2
827,8,604,14,0,7,5,5,73,4,1,3,1
828,4,338,17,0,0,5,6,20,2,0,1,1
829,4,145,3,0,0,4,3,39,4,1,0,1
830,12,4,10,3,5,3,5,71,4,1,3,0
831,4,914,11,0,0,4,4,94,4,1,3,1
832,0,202,21,0,2,6,4,107,4,1,0,1
833,0,834,7,0,2,5,6,51,4,1,1,2
834,5,920,12,0,5,6,5,67,4,1,0,2
835,0,244,5,0,2,4,4,73,4,1,1,1
836,6,48,17,0,5,5,6,14,4,0,0,1
837,5,329,20,0,5,5,4,95,2,1,1,2
838,1,171,9,0,2,4,5,43,4,1,2,1
839,0,192,19,0,2,4,4,67,4,1,1,1
840,0,407,5,0,2,6,4,107,4,1,0,2
841,5,591,8,0,5,5,4,96,4,1,1,1
842,4,320,18,0,0,5,4,29,4,1,2,1
843,4,141,18,0,0,5,5,29,4,1,3,1
844,0,298,7,0,2,3,5,55,4,1,1,1
845,2,113,17,0,2,5,6,30,2,1,1,1
846,0,557,14,0,2,5,4,75,4,1,3,1
847,0,178,19,0,2,3,4,62,4,1,1,1
848,0,775,17,0,2,4,6,49,4,1,2,1
849,0,228,12,0,2,4,6,59,4,1,1,1
850,0,933,12,0,2,4,6,52,4,1,3,1
851,1,459,7,0,2,3,5,44,4,1,3,1
852,0,886,12,0,2,5,2,69,4,1,3,1
853,5,458,5,0,5,5,4,98,2,1,1,2
854,5,863,23,0,5,6,4,110,4,1,3,2
855,0,277,12,0,2,5,5,49,2,1,3,1
856,1,421,7,0,2,3,6,24,4,1,1,0
857,0,571,7,0,2,2,2,53,4,0,3,0
858,0,602,15,0,2,7,5,96,2,1,2,3
859,0,498,12,0,2,4,5,57,4,1,3,1
860,3,153,3,0,1,4,5,26,4,1,0,1
861,11,36,0,4,2,6,4,106,4,1,0,1
862,0,476,12,0,2,4,4,67,4,1,2,1
863,0,320,12,0,2,4,5,58,2,1,4,1
864,4,135,3,0,0,5,8,40,4,1,3,1
865,5,927,20,0,5,6,4,89,4,1,1,2
866,7,320,18,0,3,4,7,42,4,1,2,1
867,0,792,12,0,2,4,4,60,4,1,4,1
868,7,765,3,0,4,5,5,20,4,0,3,2
869,4,713,12,0,0,4,4,59,4,1,1,1
870,12,33,10,4,5,4,5,78,4,1,0,1
871,5,362,8,0,5,6,4,100,4,1,0,2
872,5,566,15,0,5,6,4,93,4,1,4,1
873,6,523,18,0,5,4,5,25,4,1,2,1
874,11,41,0,4,2,6,4,106,4,1,2,1
875,9,202,5,0,6,4,7,73,2,1,3,1
876,0,374,7,0,2,3,4,50,4,1,3,1
877,0,297,12,0,2,4,5,59,4,1,1,1
878,0,387,12,0,2,4,7,66,4,1,2,1
879,0,605,7,0,2,5,4,54,4,1,2,1
880,0,931,23,0,2,7,4,103,4,1,1,2
881,4,223,3,0,0,4,7,13,4,1,0,1
882,10,183,20,2,2,4,4,80,4,1,3,1
883,0,162,5,0,2,6,4,108,4,1,1,1
884,0,263,8,0,2,6,4,96,4,1,1,1
885,0,531,5,0,2,4,5,70,4,1,0,1
886,12,63,21,4,5,6,4,107,4,1,2,1
887,14,238,17,1,5,4,8,9,2,1,4,1
888,4,209,3,0,0,6,6,29,2,0,3,2
889,0,817,12,0,2,5,6,59,4,1,3,1
890,6,208,6,0,5,5,7,46,4,1,1,2
891,5,884,16,0,5,8,4,109,4,1,3,4
892,5,921,16,0,5,7,4,106,4,1,0,3
893,1,624,7,0,2,4,4,24,4,0,4,0
894,1,548,7,0,2,0,0,26,1,0,3,0
895,0,997,6,0,2,6,7,60,2,1,4,3
896,0,954,23,0,2,7,4,107,4,1,1,2
897,11,121,22,4,2,7,4,101,4,1,3,2
898,11,76,21,4,2,6,4,105,4,1,2,1
899,0,864,16,0,2,8,4,107,4,1,3,3
900,0,438,12,0,2,5,5,66,4,1,2,1
901,0,917,22,0,2,8,4,106,4,1,1,3
902,10,849,19,2,6,3,3,70,4,1,2,1
903,11,41,0,4,2,7,4,105,4,1,4,1
904,0,327,5,0,2,6,4,105,4,1,2,2
905,5,1043,4,0,5,4,4,68,4,1,3,1
906,11,81,5,4,2,5,4,104,4,1,1,1
907,2,789,12,0,2,4,6,50,4,1,3,1
908,5,974,5,0,5,7,4,99,4,1,1,2
909,4,330,9,0,0,2,1,19,1,0,3,0
910,0,202,12,0,2,4,6,51,4,1,1,1
911,0,597,5,0,2,6,4,110,4,1,4,1
912,7,385,17,0,4,6,5,20,4,1,0,1
913,6,1033,4,0,5,6,6,43,2,1,4,2
914,5,420,8,0,5,6,4,99,4,1,0,1
915,6,1029,6,0,5,5,5,22,4,0,1,2
916,11,279,20,4,2,5,4,94,4,1,2,1
917,4,138,17,0,0,6,4,35,4,1,2,1
918,0,914,6,0,2,5,6,57,4,1,0,2
919,0,448,12,0,2,4,6,55,4,1,1,1
920,5,956,5,0,5,5,4,98,4,1,3,2
921,0,866,23,0,2,8,4,109,4,1,4,3
922,5,451,20,0,5,5,4,94,4,1,2,1
923,5,888,12,0,5,6,5,66,4,1,3,2
924,5,942,15,0,5,8,4,100,4,1,4,3
925,8,567,14,0,7,6,5,69,4,1,0,1
926,14,181,7,1,5,4,6,14,4,1,2,1
927,14,222,3,1,1,4,5,42,4,1,2,1
928,8,578,19,0,7,3,8,66,2,1,0,1
929,0,215,12,0,2,4,6,52,4,1,2,1
930,11,88,22,4,2,7,4,89,4,1,2,1
931,5,767,8,0,5,5,4,106,4,1,3,1
932,6,959,6,0,5,5,6,19,4,1,2,1
933,0,735,19,0,2,4,4,69,4,1,0,1
934,0,977,12,0,2,4,5,58,4,1,0,2
935,0,539,21,0,2,7,4,107,4,1,1,1
936,7,144,18,0,3,3,4,16,4,0,0,1
937,5,617,21,0,5,7,4,106,4,1,3,2
938,0,325,5,0,2,4,4,79,4,1,3,1
939,13,10,10,3,6,3,5,71,4,1,1,0
940,12,43,21,4,5,5,4,100,4,1,1,1
941,4,124,17,0,0,6,6,30,4,1,2,1
942,6,498,17,0,5,3,1,9,4,0,0,0
943,0,930,16,0,2,8,4,107,4,1,1,4
944,5,906,8,0,5,5,5,98,4,1,1,1
945,10,319,12,2,2,4,4,60,4,1,0,1
946,0,474,12,0,2,5,6,59,2,1,2,1
947,10,466,7,2,6,5,4,76,4,1,0,1
948,5,702,5,0,5,6,4,102,4,1,2,2
949,0,410,5,0,2,6,4,100,4,1,3,1
950,9,326,5,0,6,4,6,73,4,1,3,1
951,5,383,5,0,5,5,4,106,4,1,0,1
952,0,1058,23,0,2,4,4,49,4,1,4,1
953,1,68,17,0,2,3,3,44,4,0,0,0
954,0,744,12,0,2,5,4,49,4,1,1,1
955,0,320,5,0,2,6,4,105,4,1,4,2
956,12,643,20,4,5,5,5,81,4,1,3,1
957,5,455,5,0,5,6,4,105,4,1,3,1
958,5,475,5,0,5,7,4,103,4,1,2,2
959,10,784,7,2,2,3,3,56,4,0,2,1
960,5,645,5,0,5,7,4,108,4,1,3,2
961,1,514,9,0,2,2,3,26,4,0,0,0
962,0,629,5,0,2,4,5,77,4,1,4,1
963,0,1061,4,0,2,6,4,72,4,1,1,3
964,0,551,20,0,2,6,4,104,4,1,3,1
965,6,529,17,0,5,5,3,2,4,1,1,1
966,0,320,12,0,2,4,4,69,4,1,0,1
967,5,411,8,0,5,6,4,108,4,1,1,1
968,0,672,12,0,2,5,7,59,4,1,2,1
969,11,81,5,4,2,5,4,104,4,1,3,1
970,0,167,23,0,2,7,4,102,4,1,3,2
971,1,386,3,0,1,5,5,20,4,0,3,1
972,4,514,12,0,0,5,6,63,4,1,0,1
973,12,31,21,3,5,7,4,100,4,1,1,1
974,4,352,3,0,0,4,4,49,4,1,2,1
975,5,376,21,0,5,5,4,104,4,1,2,2
976,0,509,12,0,2,5,7,70,4,1,2,1
977,0,552,21,0,2,7,4,105,4,1,1,3
978,5,615,16,0,5,7,4,108,4,1,1,3
979,0,348,7,0,2,4,5,58,4,1,4,1
980,0,349,12,0,2,3,5,58,4,1,2,1
981,0,306,19,0,2,4,7,69,2,1,4,1
982,4,904,14,0,0,6,4,89,2,1,0,2
983,10,677,11,2,2,6,4,89,4,1,0,1
984,6,1001,17,0,5,7,8,3,2,1,3,1
985,0,628,5,0,2,7,4,108,4,1,3,2
986,11,65,0,4,2,6,4,107,4,1,0,2
987,0,202,12,0,2,4,6,52,4,1,4,1
988,0,227,12,0,2,4,6,60,4,1,4,1
989,11,42,0,4,2,6,4,104,4,1,0,2
990,0,582,12,0,2,4,6,66,4,1,1,1
991,8,318,5,0,7,4,7,78,4,1,2,1
992,11,232,16,4,2,5,4,106,4,1,1,1
993,0,79,21,0,2,6,4,110,4,1,4,2
994,1,67,7,0,2,4,7,26,4,1,3,0
995,4,811,17,0,0,4,5,44,4,1,1,1
996,4,135,3,0,0,3,5,39,4,1,3,1
997,10,1010,19,2,0,4,4,78,4,1,1,1
998,1,1005,9,0,2,2,3,38,4,1,2,0
999,10,742,12,2,5,4,4,70,4,1,3,2
1000,5,777,15,0,5,7,4,99,4,1,0,2
1001,1,122,17,0,2,5,7,34,4,1,0,1
1002,14,965,6,1,2,4,4,54,4,1,0,1
1003,1,108,3,0,2,2,1,43,3,1,4,0
1004,0,729,23,0,2,5,4,89,4,1,3,1
1005,8,295,12,0,7,4,5,60,2,1,0,1
1006,11,34,4,0,2,5,4,97,4,1,2,1
1007,12,6,2,3,5,5,4,72,4,1,2,0
1008,10,649,19,2,2,3,4,68,4,1,0,0
1009,12,24,16,3,5,6,4,104,4,1,2,1
1010,0,518,5,0,2,6,4,103,4,1,3,2
1011,0,1018,14,0,2,6,6,69,4,1,0,2
1012,0,285,5,0,2,3,4,95,4,1,1,1
1013,0,398,7,0,2,3,2,57,4,1,3,1
1014,0,915,14,0,2,6,6,85,4,1,0,2
1015,5,771,14,0,5,6,5,78,4,1,1,1
1016,0,946,12,0,2,4,4,58,4,1,0,1
1017,11,37,0,4,2,6,4,106,4,1,0,2
1018,5,798,11,0,5,5,4,102,4,1,3,2
1019,5,550,20,0,5,7,4,93,4,1,0,2
1020,1,120,7,0,2,4,5,29,4,0,2,0
1021,4,233,7,0,0,4,2,49,4,1,0,0
1022,5,351,5,0,5,5,4,106,4,1,3,1
1023,8,733,7,0,7,5,6,60,4,1,2,1
1024,0,237,11,0,2,3,5,83,4,1,1,1
1025,0,241,12,0,2,4,4,54,4,1,2,1
1026,0,590,20,0,2,6,4,91,4,1,1,1
1027,5,600,14,0,5,6,4,89,4,1,4,1
1028,0,700,5,0,2,8,4,103,4,1,1,2
1029,0,263,12,0,2,4,5,62,4,1,2,1
1030,0,461,12,0,2,3,4,71,4,1,0,1
1031,0,353,21,0,2,7,4,110,4,1,3,2
1032,0,731,16,0,2,7,4,108,4,1,4,3
1033,1,402,17,0,2,4,5,31,4,1,4,1
1034,11,158,22,0,2,7,4,86,4,1,0,2
1035,9,378,12,0,6,5,6,64,2,1,4,1
1036,9,419,20,0,6,5,5,93,4,1,4,1
1037,6,900,7,0,5,5,6,38,4,1,2,2
1038,0,1002,7,0,2,4,3,60,4,1,0,1
1039,5,805,15,0,5,7,4,96,4,1,1,2
1040,13,8,10,3,6,3,6,73,2,1,2,0
1041,4,721,7,0,0,4,3,50,4,1,3,1
1042,6,583,17,0,5,6,5,25,4,1,4,1
1043,1,149,6,0,2,4,6,41,2,1,1,1
1044,5,495,5,0,5,7,4,108,4,1,1,2
1045,14,888,17,1,5,4,4,9,4,0,1,0
1046,0,484,5,0,2,4,5,96,4,1,2,1
1047,0,227,21,0,2,6,4,105,4,1,3,1
1048,5,293,5,0,5,6,4,104,4,1,2,2
1049,0,580,5,0,2,6,4,100,4,1,0,2
1050,1,651,17,0,2,4,5,24,4,1,0,1
1051,5,670,15,0,5,7,4,101,4,1,1,2
1052,0,685,12,0,2,6,4,69,4,1,4,2
1053,6,161,7,0,5,5,5,29,2,0,3,1
1054,0,409,12,0,2,3,5,72,4,1,1,1
1055,13,2,10,4,6,3,5,73,4,1,4,0
1056,5,353,21,0,5,6,4,110,4,1,3,2
1057,4,556,17,0,0,4,5,43,4,1,1,1
1058,5,706,16,0,5,8,4,109,4,1,3,3
1059,5,816,8,0,5,6,4,104,4,1,1,2
1060,0,980,12,0,2,5,5,67,4,1,4,1
1061,1,87,17,0,2,3,5,46,2,1,4,0
1062,5,277,8,0,5,5,4,96,4,1,2,1
1063,0,705,22,0,2,7,4,106,4,1,0,3
1064,0,743,5,0,2,6,4,106,4,1,0,2
1065,14,657,7,1,2,4,4,51,4,0,2,1
1066,4,202,18,0,0,4,6,40,4,1,1,1
1067,5,409,21,0,5,7,4,107,4,1,1,2
1068,11,82,5,4,2,5,4,105,4,1,2,1
1069,6,168,18,0,5,5,3,19,4,0,4,1
1070,5,878,20,0,5,6,4,91,4,1,1,2
1071,0,519,19,0,2,4,4,68,2,1,4,1
1072,0,184,7,0,2,4,4,106,4,1,1,1
1073,12,60,21,4,5,5,4,110,4,1,3,1
1074,8,331,19,0,7,5,6,78,4,1,0,1
1075,5,1054,15,0,5,7,6,95,4,1,3,4
1076,5,1016,16,0,5,8,4,106,4,1,0,4
1077,11,166,22,4,2,7,4,86,4,1,4,2
1078,0,596,14,0,2,6,5,71,4,1,2,1
1079,0,667,23,0,2,7,4,108,4,1,1,2
1080,0,991,14,0,2,5,4,80,2,1,3,1
1081,14,123,18,1,5,4,5,16,1,0,2,1
1082,8,611,12,0,7,4,6,72,4,1,1,1
1083,5,910,5,0,5,6,4,103,4,1,0,1
1084,0,492,7,0,2,4,2,59,1,1,3,0
1085,0,320,12,0,2,5,2,58,4,1,3,1
1086,7,498,17,0,4,5,4,21,4,0,2,1
1087,5,252,8,0,5,6,4,105,4,1,3,1
1088,5,434,5,0,5,6,4,100,4,1,2,1
1089,0,372,5,0,2,6,4,105,4,1,4,1
1090,0,958,5,0,2,4,5,73,4,1,3,1
1091,8,903,19,0,7,4,5,59,2,1,2,1
1092,5,317,20,0,5,5,4,105,4,1,2,1
1093,11,488,24,4,2,7,4,96,2,1,0,2
1094,5,678,12,0,5,5,4,70,4,1,2,2
1095,0,163,19,0,2,5,7,62,2,1,2,1
1096,5,893,22,0,5,9,4,107,4,1,0,4
1097,12,32,21,3,5,6,4,101,4,1,0,1
1098,6,202,17,0,5,6,6,24,4,1,0,1
1099,0,222,19,0,2,4,4,63,4,1,1,1
1100,4,296,7,0,0,3,5,55,4,1,2,1
1101,0,968,12,0,2,4,4,70,4,1,0,1
1102,6,99,17,0,5,7,6,29,2,1,2,1
1103,0,1064,23,0,2,6,4,66,4,1,3,3
1104,0,193,12,0,2,4,6,58,4,1,0,1
1105,12,16,21,3,5,5,4,101,4,1,4,1
1106,0,850,12,0,2,5,6,71,4,1,2,2
1107,0,918,19,0,2,4,5,57,4,1,0,1
1108,8,380,4,0,7,5,6,72,4,1,4,1
1109,1,138,3,0,2,4,6,35,4,1,3,1
1110,5,235,12,0,5,5,4,67,4,1,0,1
1111,0,129,17,0,2,2,7,56,2,1,0,1
1112,0,861,19,0,2,4,3,58,4,1,0,1
1113,0,253,12,0,2,4,4,65,4,1,0,1
1114,5,826,16,0,5,9,4,108,4,1,2,4
1115,10,730,12,2,2,4,4,59,4,1,3,1
1116,10,714,12,2,5,4,4,49,4,1,1,1
1117,3,135,3,0,1,5,6,30,4,1,3,1
1118,0,388,7,0,2,3,5,41,4,1,3,1
1119,8,782,12,0,7,5,5,65,2,1,3,1
1120,10,452,11,2,2,4,4,77,4,1,0,1
1121,0,983,14,0,2,5,6,78,4,1,3,2
1122,5,876,5,0,5,6,4,103,4,1,0,2
1123,0,569,12,0,2,4,6,55,4,1,4,1
1124,1,57,17,0,2,4,8,46,2,1,1,1
1125,0,346,7,0,2,3,4,104,4,1,4,1
1126,5,577,16,0,5,7,4,106,4,1,0,2
1127,0,701,5,0,2,5,4,96,2,1,1,1
1128,0,885,19,0,2,4,5,66,4,1,0,1
1129,10,202,12,2,2,3,4,50,4,0,3,0
1130,11,256,16,4,2,8,4,108,4,1,1,3
1131,4,254,18,0,0,3,2,32,4,1,3,1
1132,5,186,21,0,5,6,4,102,4,1,1,2
1133,4,787,8,0,0,7,6,89,4,1,4,1
1134,0,393,20,0,2,3,3,67,4,1,0,1
1135,0,508,5,0,2,7,4,103,4,1,2,2
1136,0,739,19,0,2,4,4,63,4,1,3,1
1137,5,454,23,0,5,5,4,97,4,1,1,2
1138,0,656,5,0,2,4,4,95,4,1,3,1
1139,5,558,8,0,5,6,4,99,4,1,3,1
1140,0,525,7,0,2,5,4,57,4,1,3,1
1141,0,180,19,0,2,4,6,62,4,1,0,1
1142,5,584,14,0,5,4,6,77,2,1,3,1
1143,0,436,11,0,2,5,4,84,2,1,1,1
1144,6,138,3,0,5,4,7,24,4,1,1,1
1145,0,394,12,0,2,5,5,60,4,1,0,1
1146,5,1028,8,0,5,4,4,106,4,1,0,1
1147,0,471,7,0,2,3,4,55,4,1,1,1
1148,0,456,5,0,2,5,4,107,4,1,1,1
1149,4,338,12,0,0,4,3,53,1,1,4,1
1150,0,248,19,0,2,4,6,67,4,1,1,1
1151,11,54,22,4,2,7,4,87,4,1,1,1
1152,12,15,2,4,5,4,4,71,4,1,1,1
1153,0,354,12,0,2,5,4,66,4,1,0,1
1154,5,464,21,0,5,7,4,104,4,1,2,2
1155,0,680,7,0,2,3,6,47,4,1,4,0
1156,4,357,9,0,0,3,6,9,4,1,4,1
1157,0,788,5,0,2,6,4,99,4,1,4,2
1158,5,579,8,0,5,5,4,101,4,1,2,1
1159,0,562,16,0,2,8,4,110,4,1,4,3
1160,0,561,12,0,2,4,4,57,4,1,1,1
1161,14,253,17,1,0,4,6,42,4,1,0,1
1162,5,596,5,0,5,6,4,99,4,1,3,1
1163,12,6,2,3,5,5,4,72,4,1,4,0
1164,4,125,17,0,0,4,5,44,4,1,3,0
1165,0,526,11,0,2,4,5,69,4,1,3,1
1166,5,832,21,0,5,6,4,105,4,1,4,2
1167,5,443,5,0,5,7,4,102,4,1,2,2
1168,5,541,5,0,5,7,4,96,4,1,1,2
1169,1,309,9,0,2,5,4,24,4,1,1,1
1170,5,776,23,0,5,7,4,110,4,1,4,2
1171,0,199,19,0,2,4,6,67,4,1,2,1
1172,5,243,8,0,5,5,4,94,4,1,0,1
1173,5,747,14,0,5,5,5,69,4,1,3,1
1174,0,746,16,0,2,8,4,108,4,1,1,3
1175,13,3,10,3,6,3,7,71,2,1,3,0
1176,5,651,14,0,5,5,6,75,4,1,2,2
1177,0,327,12,0,2,4,5,69,4,1,4,1
1178,5,613,15,0,5,6,4,94,4,1,2,3
1179,11,38,0,4,2,6,4,105,4,1,0,1
1180,11,84,11,4,2,5,4,99,4,1,3,1
1181,0,203,3,0,2,4,6,59,2,1,4,1
1182,7,288,17,0,4,4,4,8,4,0,3,1
1183,0,408,8,0,2,6,4,108,4,1,1,1
1184,12,6,2,3,5,5,4,74,4,1,2,1
1185,0,299,19,0,2,5,4,78,4,1,1,1
1186,4,420,7,0,0,4,5,44,4,0,2,0
1187,0,424,12,0,2,5,5,59,4,1,2,1
1188,0,891,19,0,2,4,4,63,2,1,1,1
1189,5,801,14,0,5,5,6,78,2,1,2,2
1190,9,320,19,0,6,5,4,67,4,1,1,1
1191,5,278,21,0,5,7,4,110,4,1,3,2
1192,10,555,11,2,0,4,4,78,4,1,3,1
1193,5,981,15,0,5,7,4,99,4,1,3,3
1194,0,541,21,0,2,7,4,107,4,1,1,2
1195,5,366,5,0,5,5,4,99,4,1,4,2
1196,1,711,17,0,2,5,4,27,4,1,0,1
1197,5,909,4,0,5,6,4,97,4,1,4,3
1198,0,540,19,0,2,3,3,77,4,1,3,1
1199,6,618,6,0,5,5,6,27,2,1,1,1
1200,0,695,21,0,2,7,4,107,4,1,0,2
1201,11,92,22,4,2,7,4,102,4,1,4,2
1202,5,820,5,0,5,6,4,102,4,1,2,2
1203,5,897,12,0,5,6,5,66,4,1,2,2
1204,8,847,19,0,7,4,5,64,4,1,3,1
1205,0,135,17,0,2,4,4,49,4,1,2,1
1206,0,668,20,0,2,7,4,106,4,1,3,2
1207,0,1025,11,0,2,4,3,61,1,1,3,1
1208,0,311,19,0,2,4,4,66,4,1,3,0
1209,0,557,14,0,2,6,4,99,4,1,3,2
1210,1,130,3,0,2,3,4,30,2,1,0,0
1211,14,428,17,1,5,5,7,14,1,0,0,1
1212,0,565,21,0,2,7,4,107,4,1,0,2
1213,5,989,15,0,5,6,4,99,4,1,4,2
1214,12,31,21,3,5,7,4,100,4,1,3,1
1215,5,536,15,0,5,6,4,96,4,1,1,2
1216,5,521,20,0,5,7,4,96,4,1,3,2
1217,0,670,12,0,2,4,5,67,4,1,3,1
1218,5,592,20,0,5,6,4,87,4,1,1,3
1219,0,406,19,0,2,4,4,69,4,1,1,1
1220,0,95,3,0,2,0,2,47,1,0,1,0
1221,5,686,23,0,5,6,4,91,4,1,0,2
1222,10,737,12,2,5,4,4,61,4,1,4,1
1223,6,982,6,0,5,5,7,36,4,1,0,2
1224,5,774,16,0,5,7,4,104,4,1,1,2
1225,0,177,12,0,2,3,5,71,4,1,3,1
1226,4,498,17,0,0,4,7,29,4,1,1,1
1227,0,1015,12,0,2,6,4,71,4,1,4,1
1228,8,569,23,0,7,5,4,89,4,1,2,1
1229,5,747,14,0,5,5,5,69,4,1,1,1
1230,4,283,12,0,0,4,6,50,2,1,1,1
1231,5,781,15,0,5,7,4,99,4,1,0,2
1232,0,745,21,0,2,8,4,107,4,1,1,3
1233,5,464,5,0,5,6,4,98,4,1,3,2
1234,5,543,4,0,5,6,4,78,4,1,2,1
1235,12,30,16,3,5,6,4,104,4,1,4,1
1236,4,78,17,0,0,5,7,24,4,1,0,1
1237,4,138,3,0,0,3,6,38,4,1,3,1
1238,9,423,11,0,6,4,5,79,2,1,3,1
1239,0,345,19,0,2,4,5,67,4,1,2,1
1240,11,300,16,4,2,6,4,105,4,1,2,2
1241,12,61,10,4,5,5,3,74,4,1,0,1
1242,1,908,7,0,2,4,5,43,4,1,2,1
1243,8,494,8,0,7,6,4,106,4,1,2,1
1244,5,739,19,0,5,5,4,79,4,1,4,1
1245,0,589,5,0,2,4,5,76,4,1,1,1
1246,0,726,16,0,2,7,4,107,4,1,1,2
1247,5,987,14,0,5,6,4,79,4,1,0,2
1248,0,634,5,0,2,6,4,104,4,1,1,2
1249,8,1012,12,0,7,5,4,63,4,1,3,1
1250,0,766,14,0,2,6,4,78,2,1,3,0
1251,0,909,6,0,2,5,7,51,2,1,3,1
1252,14,554,17,1,4,6,3,14,4,0,1,1
1253,5,879,16,0,5,9,4,109,4,1,3,4
1254,0,619,15,0,2,6,4,97,4,1,4,2
1255,8,460,12,0,7,4,7,66,2,1,2,1
1256,10,835,11,2,2,5,4,77,4,1,0,1
1257,0,308,12,0,2,5,6,65,4,1,2,1
1258,5,485,5,0,5,5,4,99,4,1,1,2
1259,5,426,14,0,5,5,7,67,4,1,2,1
1260,0,1036,4,0,2,4,7,69,4,1,3,1
1261,1,303,7,0,2,2,2,18,1,0,4,0
1262,0,662,7,0,2,3,4,66,4,1,1,0
1263,0,427,5,0,2,6,4,103,4,1,2,2
1264,4,751,7,0,5,3,6,14,4,0,1,1
1265,4,337,9,0,0,4,6,23,4,0,1,1
1266,0,310,12,0,2,5,4,51,4,1,1,1
1267,0,251,12,0,2,4,6,63,2,1,2,1
1268,7,202,9,0,4,4,6,24,4,0,1,1
1269,1,202,17,0,2,4,6,43,2,1,4,1
1270,0,1011,8,0,2,3,4,52,4,1,4,1
1271,0,468,21,0,2,6,4,108,4,1,1,3
1272,0,806,21,0,2,6,4,109,4,1,2,2
1273,14,527,3,1,2,3,4,71,4,0,0,1
1274,11,86,16,3,2,7,4,107,4,1,1,2
1275,0,532,7,0,2,4,6,65,2,1,3,1
1276,1,143,3,0,2,5,4,30,4,0,1,1
1277,4,135,17,0,0,2,6,49,2,1,1,1
1278,0,337,5,0,2,6,4,105,4,1,1,1
1279,5,694,8,0,5,6,4,99,4,1,0,1
1280,0,292,20,0,2,5,4,95,4,1,2,1
1281,12,97,22,4,5,6,4,85,4,1,1,2
1282,5,1041,23,0,5,6,4,90,4,1,0,3
1283,0,693,5,0,2,6,4,106,4,1,0,2
1284,5,291,8,0,5,5,4,101,4,1,3,1
1285,0,274,12,0,2,4,5,60,4,1,0,1
1286,4,378,17,0,0,3,6,14,4,1,4,0
1287,0,627,5,0,2,7,4,104,4,1,4,2
1288,0,271,12,0,2,4,5,61,4,1,2,1
1289,0,632,23,0,2,7,4,107,4,1,1,2
1290,4,478,12,0,0,5,6,44,4,1,0,1
1291,12,55,21,4,5,6,4,100,4,1,0,1
1292,8,647,5,0,7,4,4,77,4,1,0,1
1293,0,515,14,0,2,5,4,68,4,1,3,1
1294,0,928,23,0,7,5,5,59,4,1,3,1
1295,6,722,3,0,5,6,7,14,2,0,3,1
1296,4,940,15,0,0,7,4,96,4,1,4,4
1297,0,1055,24,0,2,8,4,82,4,1,0,3
1298,11,96,16,3,2,6,4,108,4,1,3,2
1299,0,679,21,0,2,7,4,107,4,1,1,2
1300,5,856,8,0,5,6,4,98,4,1,0,2
1301,0,802,14,0,2,4,5,72,4,1,1,1
1302,8,913,12,0,7,4,6,65,4,1,4,1
1303,0,512,19,0,2,4,6,68,4,1,2,1
1304,0,631,16,0,2,7,4,104,4,1,3,2
1305,5,554,15,0,5,7,4,95,4,1,0,2
1306,5,883,19,0,5,5,7,77,4,1,4,1
1307,5,681,5,0,5,6,4,107,4,1,1,1
1308,10,409,12,2,5,4,4,75,4,1,3,1
1309,5,328,5,0,5,5,4,106,4,1,0,1
1310,11,64,13,4,2,5,4,78,4,1,4,1
1311,8,266,12,0,7,4,4,61,4,1,2,1
1312,4,507,7,0,0,4,6,28,2,1,0,1
1313,0,524,21,0,2,6,5,108,4,1,1,2
1314,5,504,21,0,5,6,4,106,4,1,3,2
1315,14,658,18,1,3,5,6,18,4,1,1,2
1316,10,277,12,2,2,4,3,62,4,0,1,1
1317,8,272,11,0,7,5,5,85,4,1,0,1
1318,8,666,5,0,7,5,5,79,4,1,2,1
1319,0,546,12,0,2,4,5,58,4,1,0,1
1320,0,436,21,0,2,8,4,110,4,1,3,3
1321,13,52,7,4,7,4,4,106,4,1,0,1
1322,8,412,12,0,7,5,4,65,4,1,2,1
1323,5,529,15,0,5,6,4,94,4,1,3,2
1324,0,762,14,0,2,6,4,79,4,1,3,1
1325,0,202,21,0,2,5,4,107,4,1,0,1
1326,8,1014,7,0,7,5,6,67,2,1,0,2
1327,14,83,17,1,5,3,4,24,4,1,3,1
1328,14,164,9,1,0,5,7,38,1,0,0,0
1329,5,490,20,0,5,7,4,94,4,1,0,2
1330,5,1031,8,0,5,6,4,107,4,1,0,2
1331,0,1024,6,0,2,5,8,89,2,1,3,2
1332,8,905,12,0,7,7,6,73,4,1,3,3
1333,0,202,12,0,2,4,6,56,4,1,4,1
1334,8,648,8,0,7,6,4,92,4,1,1,1
1335,0,333,12,0,2,3,6,57,4,1,2,1
1336,0,1019,21,0,2,7,4,106,4,1,0,4
1337,0,159,11,0,2,4,7,83,2,1,2,1
1338,8,498,12,0,7,5,5,56,4,1,4,1
1339,6,734,6,0,3,5,6,26,4,1,2,1
1340,4,113,17,0,0,3,5,24,4,1,3,1
1341,5,257,8,0,5,5,6,94,4,1,3,1
1342,12,45,7,4,5,6,4,105,4,1,0,1
1343,5,511,12,0,5,5,5,65,4,1,2,1
1344,5,292,21,0,5,6,5,108,4,1,2,2
1345,0,231,12,0,2,4,4,60,4,1,0,1
1346,10,236,17,2,5,4,4,53,4,1,3,1
1347,5,717,5,0,5,7,4,103,4,1,0,2
1348,4,598,17,0,0,2,3,19,4,1,0,1
1349,6,409,17,0,5,6,8,24,2,1,3,1
1350,0,519,11,0,2,5,4,78,4,1,3,1
1351,0,390,11,0,2,4,4,84,4,1,0,1
1352,0,155,7,0,2,4,6,53,4,1,0,1
1353,0,936,21,0,2,8,4,109,4,1,2,2
1354,12,18,10,4,5,3,3,71,4,1,3,0
1355,0,576,8,0,2,5,4,106,4,1,0,1
1356,5,796,15,0,5,7,4,99,4,1,3,3
1357,6,1022,3,0,5,4,5,27,4,1,3,2
1358,4,250,9,0,0,6,3,35,1,1,1,1
1359,0,292,5,0,2,6,4,103,4,1,0,2
1360,5,747,14,0,5,5,5,69,4,1,0,1
1361,5,1034,8,0,5,5,4,100,4,1,3,1
1362,0,544,12,0,2,4,6,60,4,1,2,1
1363,5,472,15,0,5,7,4,98,4,1,0,3
1364,5,704,20,0,5,6,5,90,4,1,1,2
1365,8,710,11,0,7,5,4,77,4,1,1,1
1366,5,174,7,0,5,6,4,104,4,1,2,1
1367,0,344,7,0,2,4,4,107,4,1,1,1
1368,0,563,16,0,2,6,4,105,4,1,4,2
1369,8,460,12,0,7,5,6,65,4,1,1,1
1370,0,1050,4,0,2,4,4,65,2,1,0,1
1371,8,595,14,0,7,5,5,79,4,1,1,1
1372,0,481,12,0,2,4,4,59,4,1,1,1
1373,0,444,5,0,2,4,4,95,4,1,2,1
1374,4,998,12,0,0,5,4,49,4,1,4,0
1375,1,113,17,0,2,4,5,25,4,1,0,1
1376,5,226,12,0,5,6,8,73,4,1,1,1
1377,0,142,19,0,2,4,5,68,4,1,1,1
1378,4,703,6,0,0,5,6,36,4,1,1,2
1379,12,20,13,3,5,5,4,79,4,1,4,1
1380,5,1059,7,0,5,9,4,109,4,1,2,1
1381,0,498,14,0,2,7,4,82,4,1,3,2
1382,0,281,23,0,2,6,4,91,4,1,0,1
1383,0,1060,4,0,2,6,4,76,4,1,0,2
1384,14,651,17,1,5,3,6,9,4,0,2,1
1385,12,33,10,4,5,4,5,77,4,1,2,1
1386,8,1003,14,0,7,5,4,68,4,1,3,1
1387,11,70,10,4,2,4,4,77,4,1,1,1
1388,5,642,21,0,5,7,4,107,4,1,0,2
1389,0,995,11,0,2,4,4,107,4,1,0,0
1390,0,197,12,0,2,4,4,68,4,1,3,1
1391,4,381,17,0,0,4,5,5,4,1,3,1
1392,0,392,8,0,2,6,4,108,4,1,1,1
1393,11,56,6,4,2,7,4,105,4,1,2,2
1394,0,951,16,0,2,7,4,107,4,1,1,4
1395,5,533,20,0,5,6,4,94,4,1,4,2
1396,0,462,14,0,2,5,6,73,4,1,4,1
1397,0,273,19,0,2,3,4,62,1,1,1,1
1398,5,320,20,0,5,5,5,81,4,1,4,1
1399,0,986,23,0,2,7,5,82,4,1,0,2
1400,12,7,2,3,5,5,5,71,4,1,2,1
1401,0,442,5,0,2,5,4,98,2,1,0,2
1402,4,964,6,0,0,6,8,42,2,1,2,3
1403,5,463,19,0,5,5,6,70,4,1,4,1
1404,5,400,5,0,5,6,4,103,4,1,3,1
1405,0,505,12,0,2,4,5,51,4,1,4,1
1406,0,219,5,0,2,6,4,107,4,1,0,1
1407,0,467,7,0,2,4,8,48,0,1,3,1
1408,5,353,21,0,5,6,4,110,4,1,4,2
1409,4,138,3,0,0,4,5,39,1,1,3,1
1410,6,791,18,0,5,5,7,29,4,0,2,1
1411,4,409,9,0,0,5,5,40,2,1,1,1
1412,0,748,14,0,2,5,5,71,4,1,3,1
1413,11,41,0,4,2,6,4,106,4,1,3,1
1414,0,687,5,0,2,6,4,108,4,1,1,2
1415,5,572,21,0,5,6,5,108,4,1,1,2
1416,0,887,5,0,2,4,4,96,4,1,0,1
1417,11,240,16,4,2,8,4,106,4,1,4,3
1418,0,498,12,0,2,5,5,59,4,1,3,1
1419,5,764,5,0,5,7,4,102,4,1,3,2
1420,6,415,6,0,5,6,8,44,2,1,4,2
1421,9,207,19,0,6,4,4,83,4,1,3,1
1422,11,82,5,4,2,5,4,105,4,1,2,1
1423,2,1032,4,0,2,6,5,80,4,1,4,2
1424,0,577,14,0,2,5,5,81,2,1,0,2
1425,11,104,4,0,2,6,4,87,4,1,0,1
1426,0,287,22,0,2,7,5,108,4,1,1,3
1427,4,807,20,0,0,7,7,84,4,1,3,3
1428,0,447,8,0,2,5,5,93,4,1,3,1
1429,5,975,16,0,5,8,4,107,4,1,0,3
1430,7,194,6,0,4,6,4,44,2,1,1,1
1431,5,1027,8,0,5,6,4,97,4,1,2,1
1432,5,531,15,0,5,6,4,97,4,1,1,2
1433,0,943,6,0,2,5,6,55,4,1,2,2
1434,5,689,8,0,5,7,4,101,4,1,0,2
1435,5,663,16,0,5,7,4,106,4,1,0,2
1436,0,343,12,0,2,4,5,55,4,1,3,1
1437,0,135,17,0,2,3,6,55,4,1,2,1
1438,8,506,23,0,7,4,4,107,4,1,2,1
1439,10,399,19,2,0,5,4,79,4,1,4,1
1440,5,366,5,0,5,6,4,95,2,1,2,2
1441,0,768,5,0,2,8,4,108,4,1,3,2
1442,11,94,13,4,2,5,4,77,4,1,1,1
1443,0,355,21,0,2,6,4,106,4,1,0,2
1444,5,424,14,0,5,5,5,75,4,1,2,1
1445,5,585,5,0,5,6,4,101,4,1,2,2
1446,5,819,5,0,5,6,4,102,4,1,3,2
1447,4,1021,19,0,0,4,4,49,4,1,2,1
1448,0,286,5,0,2,4,4,95,2,1,3,1
1449,4,586,9,0,0,5,6,12,4,1,2,1
1450,4,147,18,0,0,6,6,32,4,1,3,1
